{
    "loss": 32.21699142456055,
    "accuracy": 0.5686274766921997
}